{"/not_found":{"name":"404","slug":"/not_found","template_type":"NOT_FOUND","settings":{"title":"{{ 'pages.shop.notFound.title' | t | safe }}"}},"/category/:id":{"name":"Category","slug":"/category/:id","template_type":"MAIN","settings":{"title":"{{ 'pages.shop.category.title' | t({shopName: global.common.shopInfo.shop.name}) | safe }}","meta_tags":[{"name":"og:title","content":"{{ 'pages.shop.category.metaTags.title' | t({shopName: global.common.shopInfo.shop.name}) | safe }}"},{"name":"twitter:title","content":"{{ 'pages.shop.category.metaTags.title' | t({shopName: global.common.shopInfo.shop.name}) | safe }}"},{"name":"description","content":"{{ 'pages.shop.category.metaTags.description' | t({shopName: global.common.shopInfo.shop.name}) | safe }}"},{"name":"og:description","content":"{{ 'pages.shop.category.metaTags.description' | t({shopName: global.common.shopInfo.shop.name}) | safe }}"},{"name":"twitter:description","content":"{{ 'pages.shop.category.metaTags.description' | t({shopName: global.common.shopInfo.shop.name}) | safe }}"},{"name":"twitter:site","content":"@{{global.common.shopInfo.shop.name}}"},{"name":"og:image","content":"{{ cdn_link(global.common.shopInfo.shop.cloudflare_image_id, 'avatar') if global.common.shopInfo.shop.cloudflare_image_id else [global.config.CDN_PREVIEWS_URL, '/shop.png'] | join }}"},{"name":"twitter:image","content":"{{ cdn_link(global.common.shopInfo.shop.cloudflare_image_id, 'avatar') if global.common.shopInfo.shop.cloudflare_image_id else [global.config.CDN_PREVIEWS_URL, '/shop.png'] | join }}"},{"name":"twitter:card","content":"summary_large_image"}]}},"/checkout":{"name":"Checkout","slug":"/checkout","template_type":"CHECKOUT","settings":{"title":"{{ 'pages.shop.checkout.title' | t({shopName: global.common.shopInfo.shop.name}) | safe }}"}},"/collections":{"name":"Collections","slug":"/collections","template_type":"COLLECTIONS","settings":{"title":"{{ 'pages.shop.shop.title' | t({shopName: global.common.shopInfo.shop.name}) | safe }}","meta_tags":[{"name":"og:title","content":"{{ 'pages.shop.shop.metaTags.title' | t({shopName: global.common.shopInfo.shop.name}) | safe }}"},{"name":"twitter:title","content":"{{ 'pages.shop.shop.metaTags.title' | t({shopName: global.common.shopInfo.shop.name}) | safe }}"},{"name":"description","content":"{{ 'pages.shop.shop.metaTags.description' | t({shopName: global.common.shopInfo.shop.name}) | safe }}"},{"name":"og:description","content":"{{ 'pages.shop.shop.metaTags.description' | t({shopName: global.common.shopInfo.shop.name}) | safe }}"},{"name":"twitter:description","content":"{{ 'pages.shop.shop.metaTags.description' | t({shopName: global.common.shopInfo.shop.name}) | safe }}"},{"name":"twitter:site","content":"@{{global.common.shopInfo.shop.name}}"},{"name":"og:image","content":"{{ cdn_link(global.common.shopInfo.shop.cloudflare_image_id, 'avatar') if global.common.shopInfo.shop.cloudflare_image_id else [global.config.CDN_PREVIEWS_URL, '/shop.png'] | join }}"},{"name":"twitter:image","content":"{{ cdn_link(global.common.shopInfo.shop.cloudflare_image_id, 'avatar') if global.common.shopInfo.shop.cloudflare_image_id else [global.config.CDN_PREVIEWS_URL, '/shop.png'] | join }}"},{"name":"twitter:card","content":"summary_large_image"}]}},"/contact":{"name":"Contact","slug":"/contact","template_type":"CONTACT","settings":{"title":"{{ 'pages.shop.contact.title' | t({shopName: global.common.shopInfo.shop.name}) | safe }}","meta_tags":[{"name":"og:title","content":"{{ 'pages.shop.contact.metaTags.title' | t({shopName: global.common.shopInfo.shop.name}) | safe }}"},{"name":"twitter:title","content":"{{ 'pages.shop.contact.metaTags.title' | t({shopName: global.common.shopInfo.shop.name}) | safe }}"},{"name":"description","content":"{{ 'pages.shop.contact.metaTags.description' | t({shopName: global.common.shopInfo.shop.name}) | safe }}"},{"name":"og:description","content":"{{ 'pages.shop.contact.metaTags.description' | t({shopName: global.common.shopInfo.shop.name}) | safe }}"},{"name":"twitter:description","content":"If you need help with a recent purchase, would like more information about a digital product we are offering or you're just curious about our solutions, do not hesitate to get in touch with us. It's as easy as filling in 3 inputs and clicking a button."},{"name":"twitter:site","content":"@{{global.common.shopInfo.shop.name}}"},{"name":"og:image","content":"{{ cdn_link(global.common.shopInfo.shop.cloudflare_image_id, 'avatar') if global.common.shopInfo.shop.cloudflare_image_id else [global.config.CDN_PREVIEWS_URL, '/shop.png'] | join }}"},{"name":"twitter:image","content":"{{ cdn_link(global.common.shopInfo.shop.cloudflare_image_id, 'avatar') if global.common.shopInfo.shop.cloudflare_image_id else [global.config.CDN_PREVIEWS_URL, '/shop.png'] | join }}"},{"name":"twitter:card","content":"summary_large_image"}]}},"/delivery/:id":{"name":"Delivery","slug":"/delivery/:id","template_type":"DELIVERY","settings":{"title":"{{ 'pages.shop.delivery.title' | t({invoiceId: global.common.invoiceInfo.invoice.uniqid}) | safe }}","meta_tags":[]}},"/FAQ":{"name":"FAQ","slug":"/FAQ","template_type":"FAQ","settings":{"title":"{{ 'pages.shop.faq.title' | t | safe }}"}},"/feedback/:id":{"name":"Feedback","slug":"/feedback/:id","template_type":"FEEDBACK","settings":{"title":"{{ 'pages.shop.feedback.title' | t({shopName: global.common.shopInfo.shop.name}) | safe }}","meta_tags":[{"name":"robots","content":"noindex"}]}},"/feedback":{"name":"Feedback List","slug":"/feedback","template_type":"FEEDBACK_LIST","settings":{"title":"{{ 'pages.shop.feedbackList.title' | t({shopName: global.common.shopInfo.shop.name}) | safe }}","meta_tags":[{"name":"og:title","content":"{{ 'pages.shop.feedbackList.metaTags.title' | t({shopName: global.common.shopInfo.shop.name}) | safe }}"},{"name":"twitter:title","content":"{{ 'pages.shop.feedbackList.metaTags.title' | t({shopName: global.common.shopInfo.shop.name}) | safe }}"},{"name":"description","content":"{{ 'pages.shop.feedbackList.metaTags.description' | t({shopName: global.common.shopInfo.shop.name}) | safe }}"},{"name":"og:description","content":"{{ 'pages.shop.feedbackList.metaTags.description' | t({shopName: global.common.shopInfo.shop.name}) | safe }}"},{"name":"twitter:description","content":"{{ 'pages.shop.feedbackList.metaTags.description' | t({shopName: global.common.shopInfo.shop.name}) | safe }}"},{"name":"twitter:site","content":"@{{global.common.shopInfo.shop.name}}"},{"name":"og:image","content":"{{ cdn_link(global.common.shopInfo.shop.cloudflare_image_id, 'avatar') if global.common.shopInfo.shop.cloudflare_image_id else [global.config.CDN_PREVIEWS_URL, '/shop.png'] | join }}"},{"name":"twitter:image","content":"{{ cdn_link(global.common.shopInfo.shop.cloudflare_image_id, 'avatar') if global.common.shopInfo.shop.cloudflare_image_id else [global.config.CDN_PREVIEWS_URL, '/shop.png'] | join }}"},{"name":"twitter:card","content":"summary_large_image"}]}},"/group/:id":{"name":"Group","slug":"/group/:id","template_type":"MAIN","settings":{"title":"{{ 'pages.shop.group.title' | t({shopName: global.common.shopInfo.shop.name}) | safe }}","meta_tags":[{"name":"og:title","content":"{{ 'pages.shop.group.metaTags.title' | t({shopName: global.common.shopInfo.shop.name}) | safe }}"},{"name":"twitter:title","content":"{{ 'pages.shop.group.metaTags.title' | t({shopName: global.common.shopInfo.shop.name}) | safe }}"},{"name":"description","content":"{{ 'pages.shop.group.metaTags.description' | t({shopName: global.common.shopInfo.shop.name}) | safe }}"},{"name":"og:description","content":"{{ 'pages.shop.group.metaTags.description' | t({shopName: global.common.shopInfo.shop.name}) | safe }}"},{"name":"twitter:description","content":"{{ 'pages.shop.group.metaTags.description' | t({shopName: global.common.shopInfo.shop.name}) | safe }}"},{"name":"twitter:site","content":"@{{global.common.shopInfo.shop.name}}"},{"name":"og:image","content":"{{ cdn_link(global.common.shopInfo.shop.cloudflare_image_id, 'avatar') if global.common.shopInfo.shop.cloudflare_image_id else [global.config.CDN_PREVIEWS_URL, '/shop.png'] | join }}"},{"name":"twitter:image","content":"{{ cdn_link(global.common.shopInfo.shop.cloudflare_image_id, 'avatar') if global.common.shopInfo.shop.cloudflare_image_id else [global.config.CDN_PREVIEWS_URL, '/shop.png'] | join }}"},{"name":"twitter:card","content":"summary_large_image"}]}},"/invoice/:id":{"name":"Invoice","slug":"/invoice/:id","template_type":"INVOICE","settings":{"title":"{{ 'pages.shop.invoice.title' | t({invoiceId: global.common.invoiceInfo.invoice.uniqid}) | safe }}","meta_tags":[{"name":"robots","content":"noindex"}]}},"/":{"name":"Main page","slug":"/","template_type":"MAIN","settings":{"title":"Boost Panel","meta_tags":[{"name":"description","content":"{{ 'pages.shop.main.metaTags.description' | t({shopName: global.common.shopInfo.shop.name}) | safe }}"},{"name":"og:title","content":"{{ 'pages.shop.main.metaTags.title' | t({shopName: global.common.shopInfo.shop.name}) | safe }}"},{"name":"og:description","content":"{{ 'pages.shop.main.metaTags.description' | t({shopName: global.common.shopInfo.shop.name}) | safe }}"},{"name":"og:image","content":"{{ cdn_link(global.common.shopInfo.shop.cloudflare_image_id, 'avatar') if global.common.shopInfo.shop.cloudflare_image_id else [global.config.CDN_PREVIEWS_URL, '/shop.png'] | join }}"},{"name":"twitter:title","content":"{{ 'pages.shop.main.metaTags.title' | t({shopName: global.common.shopInfo.shop.name}) | safe }}"},{"name":"twitter:description","content":"{{ 'pages.shop.main.metaTags.description' | t({shopName: global.common.shopInfo.shop.name}) | safe }}"},{"name":"twitter:image","content":"{{ cdn_link(global.common.shopInfo.shop.cloudflare_image_id, 'avatar') if global.common.shopInfo.shop.cloudflare_image_id else [global.config.CDN_PREVIEWS_URL, '/shop.png'] | join }}"},{"name":"twitter:site","content":"@{{global.common.shopInfo.shop.name}}"},{"name":"twitter:card","content":"summary_large_image"},{"name":"robots"}]}},"/0592830796321":{"name":"Orders","slug":"/0592830796321","template_type":"PAGE","settings":"{\"title\": \"Orders\", \"meta_tags\": [{\"name\": \"description\", \"content\": \"View {{global.common.shopInfo.shop.name}}'s digital store: get the digital goods you need instantly with our many payment gateways in just a few clicks, or get in touch with us should you need help.\"}, {\"name\": \"og:title\", \"content\": \"Explore {{global.common.shopInfo.shop.name}}'s digital store\"}, {\"name\": \"og:description\", \"content\": \"View {{global.common.shopInfo.shop.name}}'s digital store: get the digital goods you need instantly with our many payment gateways in just a few clicks, or get in touch with us should you need help.\"}, {\"name\": \"og:image\", \"content\": \"{{ cdn_link(global.common.shopInfo.shop.cloudflare_image_id, 'avatar') if global.common.shopInfo.shop.cloudflare_image_id else [global.config.CDN_PREVIEWS_URL, '/shop.png'] | join }}\"}, {\"name\": \"twitter:title\", \"content\": \"Explore {{global.common.shopInfo.shop.name}}'s digital store\"}, {\"name\": \"twitter:description\", \"content\": \"View {{global.common.shopInfo.shop.name}}'s digital store: get the digital goods you need instantly with our many payment gateways in just a few clicks, or get in touch with us should you need help.\"}, {\"name\": \"twitter:image\", \"content\": \"{{ cdn_link(global.common.shopInfo.shop.cloudflare_image_id, 'avatar') if global.common.shopInfo.shop.cloudflare_image_id else [global.config.CDN_PREVIEWS_URL, '/shop.png'] | join }}\"}, {\"name\": \"twitter:site\", \"content\": \"@{{global.common.shopInfo.shop.name}}\"}, {\"name\": \"twitter:card\", \"content\": \"summary_large_image\"}, {\"name\": \"robots\", \"content\": \"noindex\"}]}"},"/pay/:id":{"name":"Pay","slug":"/pay/:id","template_type":"PAY","settings":{"title":"{{ 'pages.shop.invoice.title' | t({invoiceId: global.common.invoiceInfo.invoice.uniqid}) | safe }}","meta_tags":[]}},"/payment/:id":{"name":"Payment","slug":"/payment/:id","template_type":"PAYMENT","settings":{"title":"{{ 'pages.shop.payment.title' | t | safe }}"}},"/payment":{"name":"Payment List","slug":"/payment","template_type":"PAYMENT_LIST","settings":{"title":"{{ 'pages.shop.paymentList.title' | t | safe }}"}},"/product/:id":{"name":"Product","slug":"/product/:id","template_type":"PRODUCT","settings":{"title":"{{global.common.productInfo.product.title}}","meta_tags":[{"name":"og:title","content":"{{global.common.productInfo.product.title}}"},{"name":"twitter:title","content":"{{global.common.productInfo.product.title}}"},{"name":"description","content":"Check out {{global.common.productInfo.product.title}} by {{global.common.shopInfo.shop.name}}. Purchase it within minutes by using one of our many payment gateways, or get in touch with us for additional details."},{"name":"og:description","content":"Check out {{global.common.productInfo.product.title}} by {{global.common.shopInfo.shop.name}}. Purchase it within minutes by using one of our many payment gateways, or get in touch with us for additional details."},{"name":"twitter:description","content":"Check out {{global.common.productInfo.product.title}} by {{global.common.shopInfo.shop.name}}. Purchase it within minutes by using one of our many payment gateways, or get in touch with us for additional details."},{"name":"twitter:site","content":"@{{global.common.shopInfo.shop.name}}"},{"name":"og:image","content":"{% set first_img = global.common.productInfo.product.image_attachments | d([]) | first %}{{ cdn_link(first_img.cloudflare_image_id, 'shopItem') if first_img else [global.config.CDN_PREVIEWS_URL,'/product.png'] | join }}"},{"name":"twitter:image","content":"{% set first_img = global.common.productInfo.product.image_attachments | d([]) | first %}{{ cdn_link(first_img.cloudflare_image_id, 'shopItem') if first_img else [global.config.CDN_PREVIEWS_URL,'/product.png'] | join }}"},{"name":"twitter:card","content":"summary_large_image"}]}},"/products":{"name":"Products","slug":"/products","template_type":"PRODUCT_LIST","settings":[]},"/shop":{"name":"Shop","slug":"/shop","template_type":"SHOP","settings":{"title":"{{ 'pages.shop.shop.title' | t({shopName: global.common.shopInfo.shop.name}) | safe }}","meta_tags":[{"name":"og:title","content":"{{ 'pages.shop.shop.metaTags.title' | t({shopName: global.common.shopInfo.shop.name}) | safe }}"},{"name":"twitter:title","content":"{{ 'pages.shop.shop.metaTags.title' | t({shopName: global.common.shopInfo.shop.name}) | safe }}"},{"name":"description","content":"{{ 'pages.shop.shop.metaTags.description' | t({shopName: global.common.shopInfo.shop.name}) | safe }}"},{"name":"og:description","content":"{{ 'pages.shop.shop.metaTags.description' | t({shopName: global.common.shopInfo.shop.name}) | safe }}"},{"name":"twitter:description","content":"{{ 'pages.shop.shop.metaTags.description' | t({shopName: global.common.shopInfo.shop.name}) | safe }}"},{"name":"twitter:site","content":"@{{global.common.shopInfo.shop.name}}"},{"name":"og:image","content":"{{ cdn_link(global.common.shopInfo.shop.cloudflare_image_id, 'avatar') if global.common.shopInfo.shop.cloudflare_image_id else [global.config.CDN_PREVIEWS_URL, '/shop.png'] | join }}"},{"name":"twitter:image","content":"{{ cdn_link(global.common.shopInfo.shop.cloudflare_image_id, 'avatar') if global.common.shopInfo.shop.cloudflare_image_id else [global.config.CDN_PREVIEWS_URL, '/shop.png'] | join }}"},{"name":"twitter:card","content":"summary_large_image"}]}},"/store/code":{"name":"Store Code","slug":"/store/code","template_type":"STORE_CODE","settings":{"title":"{{ 'pages.customer.profile.title' | t({invoiceId: global.common.invoiceInfo.invoice.uniqid}) | safe }}","meta_tags":[]}},"/subscription/:id":{"name":"Subscription","slug":"/subscription/:id","template_type":"PRODUCT","settings":{"title":"{{global.common.productInfo.product.title}}","meta_tags":[{"name":"og:title","content":"{{global.common.productInfo.product.title}}"},{"name":"twitter:title","content":"{{global.common.productInfo.product.title}}"},{"name":"description","content":"Check out {{global.common.productInfo.product.title}} by {{global.common.shopInfo.shop.name}}. Purchase it within minutes by using one of our many payment gateways, or get in touch with us for additional details."},{"name":"og:description","content":"Check out {{global.common.productInfo.product.title}} by {{global.common.shopInfo.shop.name}}. Purchase it within minutes by using one of our many payment gateways, or get in touch with us for additional details."},{"name":"twitter:description","content":"Check out {{global.common.productInfo.product.title}} by {{global.common.shopInfo.shop.name}}. Purchase it within minutes by using one of our many payment gateways, or get in touch with us for additional details."},{"name":"twitter:site","content":"@{{global.common.shopInfo.shop.name}}"},{"name":"og:image","content":"{% set first_img = global.common.productInfo.product.image_attachments | d([]) | first %}{{ cdn_link(first_img.cloudflare_image_id, 'shopItem') if first_img else [global.config.CDN_PREVIEWS_URL,'/product.png'] | join }}"},{"name":"twitter:image","content":"{% set first_img = global.common.productInfo.product.image_attachments | d([]) | first %}{{ cdn_link(first_img.cloudflare_image_id, 'shopItem') if first_img else [global.config.CDN_PREVIEWS_URL,'/product.png'] | join }}"},{"name":"twitter:card","content":"summary_large_image"}]}},"/terms":{"name":"Terms","slug":"/terms","template_type":"TERMS","settings":{"title":"{{ 'pages.shop.terms.title' | t | safe }}","meta_tags":[{"name":"og:title","content":"{{ 'pages.shop.terms.metaTags.title' | t | safe }}"},{"name":"twitter:title","content":"{{ 'pages.shop.terms.metaTags.title' | t | safe }}"},{"name":"description","content":"{{ 'pages.shop.terms.metaTags.description' | t | safe }}"},{"name":"og:description","content":"{{ 'pages.shop.terms.metaTags.description' | t | safe }}"},{"name":"twitter:description","content":"{{ 'pages.shop.terms.metaTags.description' | t | safe }}"},{"name":"twitter:site","content":"@{{global.common.shopInfo.shop.name}}"},{"name":"og:image","content":"{{ cdn_link(global.common.shopInfo.shop.cloudflare_image_id, 'avatar') if global.common.shopInfo.shop.cloudflare_image_id else [global.config.CDN_PREVIEWS_URL, '/shop.png'] | join }}"},{"name":"twitter:image","content":"{{ cdn_link(global.common.shopInfo.shop.cloudflare_image_id, 'avatar') if global.common.shopInfo.shop.cloudflare_image_id else [global.config.CDN_PREVIEWS_URL, '/shop.png'] | join }}"},{"name":"twitter:card","content":"summary_large_image"}]}},"/ticket/:id":{"name":"Ticket","slug":"/ticket/:id","template_type":"TICKET","settings":{"title":"{{ 'pages.shop.ticket.title' | t | safe }}"}},"/trust":{"name":"Trust","slug":"/trust","template_type":"TRUST","settings":{"title":"{{ 'pages.shop.trust.title' | t | safe }}","meta_tags":[{"name":"og:title","content":"{{ 'pages.shop.trust.title' | t | safe }}"},{"name":"twitter:title","content":"{{ 'pages.shop.trust.title' | t | safe }}"},{"name":"description","content":"{{ 'pages.shop.trust.description' | t | safe }}"},{"name":"og:description","content":"{{ 'pages.shop.trust.description' | t | safe }}"},{"name":"twitter:description","content":"{{ 'pages.shop.trust.description' | t | safe }}"},{"name":"twitter:site","content":"@{{global.common.shopInfo.shop.name}}"},{"name":"og:image","content":"{{ cdn_link(global.common.shopInfo.shop.cloudflare_image_id, 'avatar') if global.common.shopInfo.shop.cloudflare_image_id else [global.config.CDN_PREVIEWS_URL, '/shop.png'] | join }}"},{"name":"twitter:image","content":"{{ cdn_link(global.common.shopInfo.shop.cloudflare_image_id, 'avatar') if global.common.shopInfo.shop.cloudflare_image_id else [global.config.CDN_PREVIEWS_URL, '/shop.png'] | join }}"},{"name":"twitter:card","content":"summary_large_image"}]}}}